Designator,Val,Package,Mid X,Mid Y,Rotation,Layer
C1,10µF,CP_EIA-3216-10_Kemet-I,115.1,-71.12,-90.0,top
C2,22µF,C_1206_3216Metric,127.375,-61.76,90.0,top
C3,0.1μF,C_0805_2012Metric,150.66,-53.34,0.0,top
C4,10μF,CP_EIA-3216-10_Kemet-I,150.66,-58.42,0.0,top
C5,4.7μF,C_1210_3225Metric,156.68,-58.42,0.0,top
C6,4.7μF,C_1210_3225Metric,156.68,-53.34,0.0,top
SW1,SW_SPDT,mySwitch,124.46,-80.82,-90.0,top
U1,AZ1117IH-3.3TRG1,SOT230P700X185-4N,121.92,-68.58,0.0,top
U2,L293D,DIP-16_W7.62mm,137.16,-69.835,0.0,top
