<?xml version="1.0" encoding="UTF-8"?>
<export version="E">
  <design>
    <source>C:\Users\User\Downloads\AZ1117IH-3.3TRG1\yffg\p0wer EE3088\p0wer EE3088.kicad_sch</source>
    <date>2024/03/24 17:21:46</date>
    <tool>Eeschema (7.0.0)</tool>
    <sheet number="1" name="/" tstamps="/">
      <title_block>
        <title/>
        <company/>
        <rev/>
        <date/>
        <source>p0wer EE3088.kicad_sch</source>
        <comment number="1" value=""/>
        <comment number="2" value=""/>
        <comment number="3" value=""/>
        <comment number="4" value=""/>
        <comment number="5" value=""/>
        <comment number="6" value=""/>
        <comment number="7" value=""/>
        <comment number="8" value=""/>
        <comment number="9" value=""/>
      </title_block>
    </sheet>
  </design>
  <components>
    <comp ref="C1">
      <value>10µF</value>
      <footprint>Capacitor_Tantalum_SMD:CP_EIA-1608-08_AVX-J_Pad1.25x1.05mm_HandSolder</footprint>
      <libsource lib="Device" part="C_Polarized_Small_US" description="Polarized capacitor, small US symbol"/>
      <property name="Sheetname" value=""/>
      <property name="Sheetfile" value="p0wer EE3088.kicad_sch"/>
      <property name="ki_description" value="Polarized capacitor, small US symbol"/>
      <property name="ki_keywords" value="cap capacitor"/>
      <sheetpath names="/" tstamps="/"/>
      <tstamps>524f2a0f-5840-461d-a746-eec372648e63</tstamps>
    </comp>
    <comp ref="C2">
      <value>22µF</value>
      <footprint>Capacitor_Tantalum_SMD:CP_EIA-1608-08_AVX-J_Pad1.25x1.05mm_HandSolder</footprint>
      <libsource lib="Device" part="C_Polarized_Small_US" description="Polarized capacitor, small US symbol"/>
      <property name="Sheetname" value=""/>
      <property name="Sheetfile" value="p0wer EE3088.kicad_sch"/>
      <property name="ki_description" value="Polarized capacitor, small US symbol"/>
      <property name="ki_keywords" value="cap capacitor"/>
      <sheetpath names="/" tstamps="/"/>
      <tstamps>f168a5b7-1e5c-4134-90d8-2e839a4a495c</tstamps>
    </comp>
    <comp ref="C3">
      <value>0.1μF</value>
      <footprint>Capacitor_Tantalum_SMD:CP_EIA-1608-08_AVX-J_Pad1.25x1.05mm_HandSolder</footprint>
      <libsource lib="Device" part="C_Small" description="Unpolarized capacitor, small symbol"/>
      <property name="Sheetname" value=""/>
      <property name="Sheetfile" value="p0wer EE3088.kicad_sch"/>
      <property name="ki_description" value="Unpolarized capacitor, small symbol"/>
      <property name="ki_keywords" value="capacitor cap"/>
      <sheetpath names="/" tstamps="/"/>
      <tstamps>65f4fe43-0c53-4d03-a1b5-66f7983dff6a</tstamps>
    </comp>
    <comp ref="C4">
      <value>10μF</value>
      <footprint>Capacitor_Tantalum_SMD:CP_EIA-1608-08_AVX-J_Pad1.25x1.05mm_HandSolder</footprint>
      <libsource lib="Device" part="C_Small" description="Unpolarized capacitor, small symbol"/>
      <property name="Sheetname" value=""/>
      <property name="Sheetfile" value="p0wer EE3088.kicad_sch"/>
      <property name="ki_description" value="Unpolarized capacitor, small symbol"/>
      <property name="ki_keywords" value="capacitor cap"/>
      <sheetpath names="/" tstamps="/"/>
      <tstamps>5214f5ed-5033-43a6-8eee-27b23e19aa40</tstamps>
    </comp>
    <comp ref="C5">
      <value>4.7μF</value>
      <footprint>Capacitor_Tantalum_SMD:CP_EIA-1608-08_AVX-J_Pad1.25x1.05mm_HandSolder</footprint>
      <libsource lib="Device" part="C_Small" description="Unpolarized capacitor, small symbol"/>
      <property name="Sheetname" value=""/>
      <property name="Sheetfile" value="p0wer EE3088.kicad_sch"/>
      <property name="ki_description" value="Unpolarized capacitor, small symbol"/>
      <property name="ki_keywords" value="capacitor cap"/>
      <sheetpath names="/" tstamps="/"/>
      <tstamps>a6ede836-e7f1-4632-bae7-f250b99a45ab</tstamps>
    </comp>
    <comp ref="C6">
      <value>4.7μF</value>
      <footprint>Capacitor_Tantalum_SMD:CP_EIA-1608-08_AVX-J_Pad1.25x1.05mm_HandSolder</footprint>
      <libsource lib="Device" part="C_Small" description="Unpolarized capacitor, small symbol"/>
      <property name="Sheetname" value=""/>
      <property name="Sheetfile" value="p0wer EE3088.kicad_sch"/>
      <property name="ki_description" value="Unpolarized capacitor, small symbol"/>
      <property name="ki_keywords" value="capacitor cap"/>
      <sheetpath names="/" tstamps="/"/>
      <tstamps>07e7ffed-0b63-4362-88b6-55e248b79c3c</tstamps>
    </comp>
    <comp ref="J1">
      <value>Conn_01x02_Pin</value>
      <footprint>Connector_JST:JST_PH_B2B-PH-K_1x02_P2.00mm_Vertical</footprint>
      <libsource lib="Connector" part="Conn_01x02_Pin" description="Generic connector, single row, 01x02, script generated"/>
      <property name="Sheetname" value=""/>
      <property name="Sheetfile" value="p0wer EE3088.kicad_sch"/>
      <property name="ki_description" value="Generic connector, single row, 01x02, script generated"/>
      <property name="ki_keywords" value="connector"/>
      <sheetpath names="/" tstamps="/"/>
      <tstamps>c9a747fa-5e02-4b0e-aa7e-5d18fe3c2d9e</tstamps>
    </comp>
    <comp ref="J2">
      <value>Conn_02x08_Odd_Even</value>
      <footprint>Connector_PinHeader_2.54mm:PinHeader_2x08_P2.54mm_Vertical</footprint>
      <libsource lib="Connector_Generic" part="Conn_02x08_Odd_Even" description="Generic connector, double row, 02x08, odd/even pin numbering scheme (row 1 odd numbers, row 2 even numbers), script generated (kicad-library-utils/schlib/autogen/connector/)"/>
      <property name="Sheetname" value=""/>
      <property name="Sheetfile" value="p0wer EE3088.kicad_sch"/>
      <property name="ki_description" value="Generic connector, double row, 02x08, odd/even pin numbering scheme (row 1 odd numbers, row 2 even numbers), script generated (kicad-library-utils/schlib/autogen/connector/)"/>
      <property name="ki_keywords" value="connector"/>
      <sheetpath names="/" tstamps="/"/>
      <tstamps>27a5831e-9d76-4763-8533-0cbfd863796b</tstamps>
    </comp>
    <comp ref="SW1">
      <value>SW_SPDT</value>
      <footprint>SPDT:mySwitch</footprint>
      <libsource lib="Switch" part="SW_SPDT" description="Switch, single pole double throw"/>
      <property name="Sheetname" value=""/>
      <property name="Sheetfile" value="p0wer EE3088.kicad_sch"/>
      <property name="ki_description" value="Switch, single pole double throw"/>
      <property name="ki_keywords" value="switch single-pole double-throw spdt ON-ON"/>
      <sheetpath names="/" tstamps="/"/>
      <tstamps>7c282eeb-cea9-4f77-8366-c7cf6cb6ef33</tstamps>
    </comp>
    <comp ref="U1">
      <value>AZ1117IH-3.3TRG1</value>
      <footprint>AZ1117IH-3.3TRG1:SOT230P700X185-4N</footprint>
      <fields>
        <field name="Availability">In Stock</field>
        <field name="Check_prices">https://www.snapeda.com/parts/AZ1117IH-3.3TRG1/Diodes+Inc./view-part/?ref=eda</field>
        <field name="Description">
Linear Voltage Regulator IC Positive Fixed 1 Output 1A SOT-223-3
</field>
        <field name="MANUFACTURER">Diodes Inc.</field>
        <field name="MAXIMUM_PACKAGE_HEIGHT">1.85 mm</field>
        <field name="MF">Diodes Inc.</field>
        <field name="MP">AZ1117IH-3.3TRG1</field>
        <field name="PARTREV">2-2</field>
        <field name="Package">SOT-223 Diodes Inc.</field>
        <field name="Price">None</field>
        <field name="SNAPEDA_PACKAGE_ID">6532</field>
        <field name="SNAPEDA_PN">AZ1117IH-3.3TRG1</field>
        <field name="STANDARD">IPC 7351B</field>
        <field name="SnapEDA_Link">https://www.snapeda.com/parts/AZ1117IH-3.3TRG1/Diodes+Inc./view-part/?ref=snap</field>
      </fields>
      <libsource lib="AZ1117IH-3.3TRG1" part="AZ1117IH-3.3TRG1" description=""/>
      <property name="MF" value="Diodes Inc."/>
      <property name="SNAPEDA_PACKAGE_ID" value="6532"/>
      <property name="MAXIMUM_PACKAGE_HEIGHT" value="1.85 mm"/>
      <property name="Price" value="None"/>
      <property name="Package" value="SOT-223 Diodes Inc."/>
      <property name="Check_prices" value="https://www.snapeda.com/parts/AZ1117IH-3.3TRG1/Diodes+Inc./view-part/?ref=eda"/>
      <property name="STANDARD" value="IPC 7351B"/>
      <property name="PARTREV" value="2-2"/>
      <property name="SnapEDA_Link" value="https://www.snapeda.com/parts/AZ1117IH-3.3TRG1/Diodes+Inc./view-part/?ref=snap"/>
      <property name="MP" value="AZ1117IH-3.3TRG1"/>
      <property name="Description" value="&#xA;Linear Voltage Regulator IC Positive Fixed 1 Output 1A SOT-223-3&#xA;"/>
      <property name="MANUFACTURER" value="Diodes Inc."/>
      <property name="Availability" value="In Stock"/>
      <property name="SNAPEDA_PN" value="AZ1117IH-3.3TRG1"/>
      <property name="Sheetname" value=""/>
      <property name="Sheetfile" value="p0wer EE3088.kicad_sch"/>
      <sheetpath names="/" tstamps="/"/>
      <tstamps>e95bf9a3-e3bf-4b0f-acb6-fff7ab0fb4d7</tstamps>
    </comp>
    <comp ref="U2">
      <value>L293D</value>
      <footprint>Package_DIP:DIP-16_W7.62mm</footprint>
      <datasheet>http://www.ti.com/lit/ds/symlink/l293.pdf</datasheet>
      <libsource lib="Driver_Motor" part="L293D" description="Quadruple Half-H Drivers"/>
      <property name="Sheetname" value=""/>
      <property name="Sheetfile" value="p0wer EE3088.kicad_sch"/>
      <property name="ki_description" value="Quadruple Half-H Drivers"/>
      <property name="ki_keywords" value="Half-H Driver Motor"/>
      <sheetpath names="/" tstamps="/"/>
      <tstamps>cd830d4d-8c46-4c5b-a9c6-f1ad497be32d</tstamps>
    </comp>
  </components>
  <libparts>
    <libpart lib="AZ1117IH-3.3TRG1" part="AZ1117IH-3.3TRG1">
      <fields>
        <field name="Reference">U</field>
        <field name="Value">AZ1117IH-3.3TRG1</field>
        <field name="Footprint">AZ1117IH-3.3TRG1:SOT230P700X185-4N</field>
        <field name="MF">Diodes Inc.</field>
        <field name="SNAPEDA_PACKAGE_ID">6532</field>
        <field name="MAXIMUM_PACKAGE_HEIGHT">1.85 mm</field>
        <field name="Price">None</field>
        <field name="Package">SOT-223 Diodes Inc.</field>
        <field name="Check_prices">https://www.snapeda.com/parts/AZ1117IH-3.3TRG1/Diodes+Inc./view-part/?ref=eda</field>
        <field name="STANDARD">IPC 7351B</field>
        <field name="PARTREV">2-2</field>
        <field name="SnapEDA_Link">https://www.snapeda.com/parts/AZ1117IH-3.3TRG1/Diodes+Inc./view-part/?ref=snap</field>
        <field name="MP">AZ1117IH-3.3TRG1</field>
        <field name="Description">
Linear Voltage Regulator IC Positive Fixed 1 Output 1A SOT-223-3
</field>
        <field name="MANUFACTURER">Diodes Inc.</field>
        <field name="Availability">In Stock</field>
        <field name="SNAPEDA_PN">AZ1117IH-3.3TRG1</field>
      </fields>
      <pins>
        <pin num="1" name="GND" type="power_in"/>
        <pin num="2" name="OUTPUT" type="output"/>
        <pin num="3" name="INPUT" type="input"/>
        <pin num="4" name="VOUT" type="output"/>
      </pins>
    </libpart>
    <libpart lib="Connector" part="Conn_01x02_Pin">
      <description>Generic connector, single row, 01x02, script generated</description>
      <docs>~</docs>
      <footprints>
        <fp>Connector*:*_1x??_*</fp>
      </footprints>
      <fields>
        <field name="Reference">J</field>
        <field name="Value">Conn_01x02_Pin</field>
        <field name="Datasheet">~</field>
      </fields>
      <pins>
        <pin num="1" name="Pin_1" type="passive"/>
        <pin num="2" name="Pin_2" type="passive"/>
      </pins>
    </libpart>
    <libpart lib="Connector_Generic" part="Conn_02x08_Odd_Even">
      <description>Generic connector, double row, 02x08, odd/even pin numbering scheme (row 1 odd numbers, row 2 even numbers), script generated (kicad-library-utils/schlib/autogen/connector/)</description>
      <docs>~</docs>
      <footprints>
        <fp>Connector*:*_2x??_*</fp>
      </footprints>
      <fields>
        <field name="Reference">J</field>
        <field name="Value">Conn_02x08_Odd_Even</field>
        <field name="Datasheet">~</field>
      </fields>
      <pins>
        <pin num="1" name="Pin_1" type="passive"/>
        <pin num="2" name="Pin_2" type="passive"/>
        <pin num="3" name="Pin_3" type="passive"/>
        <pin num="4" name="Pin_4" type="passive"/>
        <pin num="5" name="Pin_5" type="passive"/>
        <pin num="6" name="Pin_6" type="passive"/>
        <pin num="7" name="Pin_7" type="passive"/>
        <pin num="8" name="Pin_8" type="passive"/>
        <pin num="9" name="Pin_9" type="passive"/>
        <pin num="10" name="Pin_10" type="passive"/>
        <pin num="11" name="Pin_11" type="passive"/>
        <pin num="12" name="Pin_12" type="passive"/>
        <pin num="13" name="Pin_13" type="passive"/>
        <pin num="14" name="Pin_14" type="passive"/>
        <pin num="15" name="Pin_15" type="passive"/>
        <pin num="16" name="Pin_16" type="passive"/>
      </pins>
    </libpart>
    <libpart lib="Device" part="C_Polarized_Small_US">
      <description>Polarized capacitor, small US symbol</description>
      <docs>~</docs>
      <footprints>
        <fp>CP_*</fp>
      </footprints>
      <fields>
        <field name="Reference">C</field>
        <field name="Value">C_Polarized_Small_US</field>
        <field name="Datasheet">~</field>
      </fields>
      <pins>
        <pin num="1" name="" type="passive"/>
        <pin num="2" name="" type="passive"/>
      </pins>
    </libpart>
    <libpart lib="Device" part="C_Small">
      <description>Unpolarized capacitor, small symbol</description>
      <docs>~</docs>
      <footprints>
        <fp>C_*</fp>
      </footprints>
      <fields>
        <field name="Reference">C</field>
        <field name="Value">C_Small</field>
        <field name="Datasheet">~</field>
      </fields>
      <pins>
        <pin num="1" name="" type="passive"/>
        <pin num="2" name="" type="passive"/>
      </pins>
    </libpart>
    <libpart lib="Driver_Motor" part="L293D">
      <description>Quadruple Half-H Drivers</description>
      <docs>http://www.ti.com/lit/ds/symlink/l293.pdf</docs>
      <footprints>
        <fp>DIP*W7.62mm*</fp>
      </footprints>
      <fields>
        <field name="Reference">U</field>
        <field name="Value">L293D</field>
        <field name="Footprint">Package_DIP:DIP-16_W7.62mm</field>
        <field name="Datasheet">http://www.ti.com/lit/ds/symlink/l293.pdf</field>
      </fields>
      <pins>
        <pin num="1" name="EN1,2" type="input"/>
        <pin num="2" name="1A" type="input"/>
        <pin num="3" name="1Y" type="output"/>
        <pin num="4" name="GND" type="power_in"/>
        <pin num="5" name="GND" type="power_in"/>
        <pin num="6" name="2Y" type="output"/>
        <pin num="7" name="2A" type="input"/>
        <pin num="8" name="VCC2" type="power_in"/>
        <pin num="9" name="EN3,4" type="input"/>
        <pin num="10" name="3A" type="input"/>
        <pin num="11" name="3Y" type="output"/>
        <pin num="12" name="GND" type="power_in"/>
        <pin num="13" name="GND" type="power_in"/>
        <pin num="14" name="4Y" type="output"/>
        <pin num="15" name="4A" type="input"/>
        <pin num="16" name="VCC1" type="power_in"/>
      </pins>
    </libpart>
    <libpart lib="Switch" part="SW_SPDT">
      <description>Switch, single pole double throw</description>
      <docs>~</docs>
      <fields>
        <field name="Reference">SW</field>
        <field name="Value">SW_SPDT</field>
        <field name="Datasheet">~</field>
      </fields>
      <pins>
        <pin num="1" name="A" type="passive"/>
        <pin num="2" name="B" type="passive"/>
        <pin num="3" name="C" type="passive"/>
      </pins>
    </libpart>
  </libparts>
  <libraries>
    <library logical="AZ1117IH-3.3TRG1">
      <uri>C:/Users/User/Downloads/AZ1117IH-3.3TRG1/AZ1117IH-3.3TRG1.kicad_sym</uri>
    </library>
    <library logical="Connector">
      <uri>C:\Program Files\KiCad\7.0\share\kicad\symbols\/Connector.kicad_sym</uri>
    </library>
    <library logical="Connector_Generic">
      <uri>C:\Program Files\KiCad\7.0\share\kicad\symbols\/Connector_Generic.kicad_sym</uri>
    </library>
    <library logical="Device">
      <uri>C:\Program Files\KiCad\7.0\share\kicad\symbols\/Device.kicad_sym</uri>
    </library>
    <library logical="Driver_Motor">
      <uri>C:\Program Files\KiCad\7.0\share\kicad\symbols\/Driver_Motor.kicad_sym</uri>
    </library>
    <library logical="Switch">
      <uri>C:\Program Files\KiCad\7.0\share\kicad\symbols\/Switch.kicad_sym</uri>
    </library>
  </libraries>
  <nets>
    <net code="1" name="/BATT">
      <node ref="J2" pin="7" pinfunction="Pin_7" pintype="passive"/>
      <node ref="J2" pin="8" pinfunction="Pin_8" pintype="passive"/>
    </net>
    <net code="2" name="/BATT_ADC">
      <node ref="J2" pin="10" pinfunction="Pin_10" pintype="passive"/>
    </net>
    <net code="3" name="/Motor1_A">
      <node ref="J2" pin="13" pinfunction="Pin_13" pintype="passive"/>
    </net>
    <net code="4" name="/Motor1_B">
      <node ref="J2" pin="15" pinfunction="Pin_15" pintype="passive"/>
    </net>
    <net code="5" name="/Motor2_A">
      <node ref="J2" pin="1" pinfunction="Pin_1" pintype="passive"/>
      <node ref="U2" pin="3" pinfunction="1Y" pintype="output"/>
      <node ref="U2" pin="6" pinfunction="2Y" pintype="output"/>
    </net>
    <net code="6" name="/Motor2_B">
      <node ref="J2" pin="3" pinfunction="Pin_3" pintype="passive"/>
      <node ref="U2" pin="11" pinfunction="3Y" pintype="output"/>
      <node ref="U2" pin="14" pinfunction="4Y" pintype="output"/>
    </net>
    <net code="7" name="/PC6-9_PWM1">
      <node ref="J2" pin="2" pinfunction="Pin_2" pintype="passive"/>
      <node ref="U2" pin="2" pinfunction="1A" pintype="input"/>
    </net>
    <net code="8" name="/PC6-9_PWM2">
      <node ref="J2" pin="4" pinfunction="Pin_4" pintype="passive"/>
      <node ref="U2" pin="7" pinfunction="2A" pintype="input"/>
    </net>
    <net code="9" name="/PC6-9_PWM3">
      <node ref="J2" pin="14" pinfunction="Pin_14" pintype="passive"/>
      <node ref="U2" pin="10" pinfunction="3A" pintype="input"/>
    </net>
    <net code="10" name="/PC6-9_PWM4">
      <node ref="J2" pin="16" pinfunction="Pin_16" pintype="passive"/>
      <node ref="U2" pin="15" pinfunction="4A" pintype="input"/>
    </net>
    <net code="11" name="/PD7">
      <node ref="J2" pin="9" pinfunction="Pin_9" pintype="passive"/>
    </net>
    <net code="12" name="3V3">
      <node ref="C2" pin="2" pintype="passive"/>
      <node ref="U1" pin="2" pinfunction="OUTPUT" pintype="output"/>
      <node ref="U1" pin="4" pinfunction="VOUT" pintype="output"/>
      <node ref="U2" pin="1" pinfunction="EN1,2" pintype="input"/>
      <node ref="U2" pin="9" pinfunction="EN3,4" pintype="input"/>
    </net>
    <net code="13" name="GND">
      <node ref="C1" pin="2" pintype="passive"/>
      <node ref="C2" pin="1" pintype="passive"/>
      <node ref="J1" pin="2" pinfunction="Pin_2" pintype="passive"/>
      <node ref="J2" pin="5" pinfunction="Pin_5" pintype="passive"/>
      <node ref="J2" pin="6" pinfunction="Pin_6" pintype="passive"/>
      <node ref="U1" pin="1" pinfunction="GND" pintype="power_in"/>
    </net>
    <net code="14" name="MGND">
      <node ref="C4" pin="1" pintype="passive"/>
      <node ref="C5" pin="1" pintype="passive"/>
      <node ref="U2" pin="12" pinfunction="GND" pintype="power_in"/>
      <node ref="U2" pin="13" pinfunction="GND" pintype="power_in"/>
      <node ref="U2" pin="4" pinfunction="GND" pintype="power_in"/>
      <node ref="U2" pin="5" pinfunction="GND" pintype="power_in"/>
    </net>
    <net code="15" name="Net-(J1-Pin_1)">
      <node ref="J1" pin="1" pinfunction="Pin_1" pintype="passive"/>
      <node ref="SW1" pin="2" pinfunction="B" pintype="passive"/>
    </net>
    <net code="16" name="VCC">
      <node ref="C1" pin="1" pintype="passive"/>
      <node ref="C3" pin="1" pintype="passive"/>
      <node ref="C3" pin="2" pintype="passive"/>
      <node ref="C4" pin="2" pintype="passive"/>
      <node ref="C5" pin="2" pintype="passive"/>
      <node ref="C6" pin="1" pintype="passive"/>
      <node ref="C6" pin="2" pintype="passive"/>
      <node ref="J2" pin="11" pinfunction="Pin_11" pintype="passive"/>
      <node ref="J2" pin="12" pinfunction="Pin_12" pintype="passive"/>
      <node ref="SW1" pin="1" pinfunction="A" pintype="passive"/>
      <node ref="U1" pin="3" pinfunction="INPUT" pintype="input"/>
      <node ref="U2" pin="16" pinfunction="VCC1" pintype="power_in"/>
      <node ref="U2" pin="8" pinfunction="VCC2" pintype="power_in"/>
    </net>
    <net code="17" name="unconnected-(SW1-C-Pad3)">
      <node ref="SW1" pin="3" pinfunction="C" pintype="passive"/>
    </net>
  </nets>
</export>
